{
  "status": 0,
  "result": {
    "metadataObjects": [
      {
        "directoryName": "installedPackages",
        "inFolder": false,
        "metaFile": false,
        "suffix": "installedPackage",
        "xmlName": "InstalledPackage",
        "childXmlNames": []
      },
      {
        "childXmlNames": [
          "MarketingAppExtActivity"
        ],
        "directoryName": "marketingappextensions",
        "inFolder": false,
        "metaFile": false,
        "suffix": "marketingappextension",
        "xmlName": "MarketingAppExtension"
      },
      {
        "childXmlNames": [
          "CustomLabel"
        ],
        "directoryName": "labels",
        "inFolder": false,
        "metaFile": false,
        "suffix": "labels",
        "xmlName": "CustomLabels"
      },
      {
        "directoryName": "staticresources",
        "inFolder": false,
        "metaFile": true,
        "suffix": "resource",
        "xmlName": "StaticResource",
        "childXmlNames": []
      },
      {
        "directoryName": "scontrols",
        "inFolder": false,
        "metaFile": true,
        "suffix": "scf",
        "xmlName": "Scontrol",
        "childXmlNames": []
      },
      {
        "directoryName": "certs",
        "inFolder": false,
        "metaFile": true,
        "suffix": "crt",
        "xmlName": "Certificate",
        "childXmlNames": []
      },
      {
        "directoryName": "messageChannels",
        "inFolder": false,
        "metaFile": false,
        "suffix": "messageChannel",
        "xmlName": "LightningMessageChannel",
        "childXmlNames": []
      },
      {
        "directoryName": "lwc",
        "inFolder": false,
        "metaFile": false,
        "xmlName": "LightningComponentBundle",
        "childXmlNames": []
      },
      {
        "directoryName": "aura",
        "inFolder": false,
        "metaFile": false,
        "xmlName": "AuraDefinitionBundle",
        "childXmlNames": []
      },
      {
        "directoryName": "components",
        "inFolder": false,
        "metaFile": true,
        "suffix": "component",
        "xmlName": "ApexComponent",
        "childXmlNames": []
      },
      {
        "directoryName": "pages",
        "inFolder": false,
        "metaFile": true,
        "suffix": "page",
        "xmlName": "ApexPage",
        "childXmlNames": []
      },
      {
        "directoryName": "queues",
        "inFolder": false,
        "metaFile": false,
        "suffix": "queue",
        "xmlName": "Queue",
        "childXmlNames": []
      },
      {
        "directoryName": "CaseSubjectParticles",
        "inFolder": false,
        "metaFile": false,
        "suffix": "CaseSubjectParticle",
        "xmlName": "CaseSubjectParticle",
        "childXmlNames": []
      },
      {
        "directoryName": "inboundNetworkConnections",
        "inFolder": false,
        "metaFile": false,
        "suffix": "inboundNetworkConnection",
        "xmlName": "InboundNetworkConnection",
        "childXmlNames": []
      },
      {
        "directoryName": "outboundNetworkConnections",
        "inFolder": false,
        "metaFile": false,
        "suffix": "outboundNetworkConnection",
        "xmlName": "OutboundNetworkConnection",
        "childXmlNames": []
      },
      {
        "directoryName": "externalCredentials",
        "inFolder": false,
        "metaFile": false,
        "suffix": "externalCredential",
        "xmlName": "ExternalCredential",
        "childXmlNames": []
      },
      {
        "directoryName": "namedCredentials",
        "inFolder": false,
        "metaFile": false,
        "suffix": "namedCredential",
        "xmlName": "NamedCredential",
        "childXmlNames": []
      },
      {
        "childXmlNames": [
          "ExternalDataSrcDescriptor"
        ],
        "directoryName": "dataSources",
        "inFolder": false,
        "metaFile": false,
        "suffix": "dataSource",
        "xmlName": "ExternalDataSource"
      },
      {
        "directoryName": "externalServiceRegistrations",
        "inFolder": false,
        "metaFile": false,
        "suffix": "externalServiceRegistration",
        "xmlName": "ExternalServiceRegistration",
        "childXmlNames": []
      },
      {
        "directoryName": "roles",
        "inFolder": false,
        "metaFile": false,
        "suffix": "role",
        "xmlName": "Role",
        "childXmlNames": []
      },
      {
        "directoryName": "groups",
        "inFolder": false,
        "metaFile": false,
        "suffix": "group",
        "xmlName": "Group",
        "childXmlNames": []
      },
      {
        "directoryName": "globalValueSets",
        "inFolder": false,
        "metaFile": false,
        "suffix": "globalValueSet",
        "xmlName": "GlobalValueSet",
        "childXmlNames": []
      },
      {
        "directoryName": "standardValueSets",
        "inFolder": false,
        "metaFile": false,
        "suffix": "standardValueSet",
        "xmlName": "StandardValueSet",
        "childXmlNames": []
      },
      {
        "directoryName": "customPermissions",
        "inFolder": false,
        "metaFile": false,
        "suffix": "customPermission",
        "xmlName": "CustomPermission",
        "childXmlNames": []
      },
      {
        "childXmlNames": [
          "CustomField",
          "Index",
          "BusinessProcess",
          "RecordType",
          "CompactLayout",
          "WebLink",
          "ValidationRule",
          "SharingReason",
          "ListView",
          "FieldSet"
        ],
        "directoryName": "objects",
        "inFolder": false,
        "metaFile": false,
        "suffix": "object",
        "xmlName": "CustomObject"
      },
      {
        "directoryName": "reportTypes",
        "inFolder": false,
        "metaFile": false,
        "suffix": "reportType",
        "xmlName": "ReportType",
        "childXmlNames": []
      },
      {
        "directoryName": "reports",
        "inFolder": true,
        "metaFile": false,
        "suffix": "report",
        "xmlName": "Report",
        "childXmlNames": []
      },
      {
        "directoryName": "dashboards",
        "inFolder": true,
        "metaFile": false,
        "suffix": "dashboard",
        "xmlName": "Dashboard",
        "childXmlNames": []
      },
      {
        "directoryName": "analyticSnapshots",
        "inFolder": false,
        "metaFile": false,
        "suffix": "snapshot",
        "xmlName": "AnalyticSnapshot",
        "childXmlNames": []
      },
      {
        "directoryName": "feedFilters",
        "inFolder": false,
        "metaFile": false,
        "suffix": "feedFilter",
        "xmlName": "CustomFeedFilter",
        "childXmlNames": []
      },
      {
        "directoryName": "layouts",
        "inFolder": false,
        "metaFile": false,
        "suffix": "layout",
        "xmlName": "Layout",
        "childXmlNames": []
      },
      {
        "directoryName": "documents",
        "inFolder": true,
        "metaFile": true,
        "xmlName": "Document",
        "childXmlNames": []
      },
      {
        "directoryName": "weblinks",
        "inFolder": false,
        "metaFile": false,
        "suffix": "weblink",
        "xmlName": "CustomPageWebLink",
        "childXmlNames": []
      },
      {
        "directoryName": "letterhead",
        "inFolder": false,
        "metaFile": false,
        "suffix": "letter",
        "xmlName": "Letterhead",
        "childXmlNames": []
      },
      {
        "directoryName": "email",
        "inFolder": true,
        "metaFile": true,
        "suffix": "email",
        "xmlName": "EmailTemplate",
        "childXmlNames": []
      },
      {
        "directoryName": "quickActions",
        "inFolder": false,
        "metaFile": false,
        "suffix": "quickAction",
        "xmlName": "QuickAction",
        "childXmlNames": []
      },
      {
        "directoryName": "flexipages",
        "inFolder": false,
        "metaFile": false,
        "suffix": "flexipage",
        "xmlName": "FlexiPage",
        "childXmlNames": []
      },
      {
        "directoryName": "tabs",
        "inFolder": false,
        "metaFile": false,
        "suffix": "tab",
        "xmlName": "CustomTab",
        "childXmlNames": []
      },
      {
        "directoryName": "customApplicationComponents",
        "inFolder": false,
        "metaFile": false,
        "suffix": "customApplicationComponent",
        "xmlName": "CustomApplicationComponent",
        "childXmlNames": []
      },
      {
        "directoryName": "applications",
        "inFolder": false,
        "metaFile": false,
        "suffix": "app",
        "xmlName": "CustomApplication",
        "childXmlNames": []
      },
      {
        "directoryName": "portals",
        "inFolder": false,
        "metaFile": false,
        "suffix": "portal",
        "xmlName": "Portal",
        "childXmlNames": []
      },
      {
        "directoryName": "customMetadata",
        "inFolder": false,
        "metaFile": false,
        "suffix": "md",
        "xmlName": "CustomMetadata",
        "childXmlNames": []
      },
      {
        "directoryName": "flows",
        "inFolder": false,
        "metaFile": false,
        "suffix": "flow",
        "xmlName": "Flow",
        "childXmlNames": []
      },
      {
        "directoryName": "flowDefinitions",
        "inFolder": false,
        "metaFile": false,
        "suffix": "flowDefinition",
        "xmlName": "FlowDefinition",
        "childXmlNames": []
      },
      {
        "directoryName": "flowtests",
        "inFolder": false,
        "metaFile": false,
        "suffix": "flowtest",
        "xmlName": "FlowTest",
        "childXmlNames": []
      },
      {
        "directoryName": "processflowmigrations",
        "inFolder": false,
        "metaFile": false,
        "suffix": "processflowmigration",
        "xmlName": "ProcessFlowMigration",
        "childXmlNames": []
      },
      {
        "directoryName": "contentassets",
        "inFolder": false,
        "metaFile": true,
        "suffix": "asset",
        "xmlName": "ContentAsset",
        "childXmlNames": []
      },
      {
        "childXmlNames": [
          "WorkflowFieldUpdate",
          "WorkflowKnowledgePublish",
          "WorkflowTask",
          "WorkflowAlert",
          "WorkflowSend",
          "WorkflowOutboundMessage",
          "WorkflowRule"
        ],
        "directoryName": "workflows",
        "inFolder": false,
        "metaFile": false,
        "suffix": "workflow",
        "xmlName": "Workflow"
      },
      {
        "childXmlNames": [
          "AssignmentRule"
        ],
        "directoryName": "assignmentRules",
        "inFolder": false,
        "metaFile": false,
        "suffix": "assignmentRules",
        "xmlName": "AssignmentRules"
      },
      {
        "childXmlNames": [
          "AutoResponseRule"
        ],
        "directoryName": "autoResponseRules",
        "inFolder": false,
        "metaFile": false,
        "suffix": "autoResponseRules",
        "xmlName": "AutoResponseRules"
      },
      {
        "childXmlNames": [
          "EscalationRule"
        ],
        "directoryName": "escalationRules",
        "inFolder": false,
        "metaFile": false,
        "suffix": "escalationRules",
        "xmlName": "EscalationRules"
      },
      {
        "directoryName": "postTemplates",
        "inFolder": false,
        "metaFile": false,
        "suffix": "postTemplate",
        "xmlName": "PostTemplate",
        "childXmlNames": []
      },
      {
        "directoryName": "approvalProcesses",
        "inFolder": false,
        "metaFile": false,
        "suffix": "approvalProcess",
        "xmlName": "ApprovalProcess",
        "childXmlNames": []
      },
      {
        "directoryName": "homePageComponents",
        "inFolder": false,
        "metaFile": false,
        "suffix": "homePageComponent",
        "xmlName": "HomePageComponent",
        "childXmlNames": []
      },
      {
        "directoryName": "homePageLayouts",
        "inFolder": false,
        "metaFile": false,
        "suffix": "homePageLayout",
        "xmlName": "HomePageLayout",
        "childXmlNames": []
      },
      {
        "directoryName": "IdentityVerificationProcDefs",
        "inFolder": false,
        "metaFile": false,
        "suffix": "IdentityVerificationProcDef",
        "xmlName": "IdentityVerificationProcDef",
        "childXmlNames": []
      },
      {
        "directoryName": "IdentityVerificationProcDtls",
        "inFolder": false,
        "metaFile": false,
        "suffix": "IdentityVerificationProcDtl",
        "xmlName": "IdentityVerificationProcDtl",
        "childXmlNames": []
      },
      {
        "directoryName": "IdentityVerificationProcFlds",
        "inFolder": false,
        "metaFile": false,
        "suffix": "IdentityVerificationProcFld",
        "xmlName": "IdentityVerificationProcFld",
        "childXmlNames": []
      },
      {
        "directoryName": "objectTranslations",
        "inFolder": false,
        "metaFile": false,
        "suffix": "objectTranslation",
        "xmlName": "CustomObjectTranslation",
        "childXmlNames": []
      },
      {
        "directoryName": "translations",
        "inFolder": false,
        "metaFile": false,
        "suffix": "translation",
        "xmlName": "Translations",
        "childXmlNames": []
      },
      {
        "directoryName": "globalValueSetTranslations",
        "inFolder": false,
        "metaFile": false,
        "suffix": "globalValueSetTranslation",
        "xmlName": "GlobalValueSetTranslation",
        "childXmlNames": []
      },
      {
        "directoryName": "standardValueSetTranslations",
        "inFolder": false,
        "metaFile": false,
        "suffix": "standardValueSetTranslation",
        "xmlName": "StandardValueSetTranslation",
        "childXmlNames": []
      },
      {
        "directoryName": "dw",
        "inFolder": false,
        "metaFile": true,
        "xmlName": "DataWeaveResource",
        "childXmlNames": []
      },
      {
        "directoryName": "classes",
        "inFolder": false,
        "metaFile": true,
        "suffix": "cls",
        "xmlName": "ApexClass",
        "childXmlNames": []
      },
      {
        "directoryName": "triggers",
        "inFolder": false,
        "metaFile": true,
        "suffix": "trigger",
        "xmlName": "ApexTrigger",
        "childXmlNames": []
      },
      {
        "directoryName": "testSuites",
        "inFolder": false,
        "metaFile": false,
        "suffix": "testSuite",
        "xmlName": "ApexTestSuite",
        "childXmlNames": []
      },
      {
        "directoryName": "profiles",
        "inFolder": false,
        "metaFile": false,
        "suffix": "profile",
        "xmlName": "Profile",
        "childXmlNames": []
      },
      {
        "directoryName": "permissionsets",
        "inFolder": false,
        "metaFile": false,
        "suffix": "permissionset",
        "xmlName": "PermissionSet",
        "childXmlNames": []
      },
      {
        "directoryName": "mutingpermissionsets",
        "inFolder": false,
        "metaFile": false,
        "suffix": "mutingpermissionset",
        "xmlName": "MutingPermissionSet",
        "childXmlNames": []
      },
      {
        "directoryName": "permissionsetgroups",
        "inFolder": false,
        "metaFile": false,
        "suffix": "permissionsetgroup",
        "xmlName": "PermissionSetGroup",
        "childXmlNames": []
      },
      {
        "directoryName": "profilePasswordPolicies",
        "inFolder": false,
        "metaFile": false,
        "suffix": "profilePasswordPolicy",
        "xmlName": "ProfilePasswordPolicy",
        "childXmlNames": []
      },
      {
        "directoryName": "profileSessionSettings",
        "inFolder": false,
        "metaFile": false,
        "suffix": "profileSessionSetting",
        "xmlName": "ProfileSessionSetting",
        "childXmlNames": []
      },
      {
        "directoryName": "myDomainDiscoverableLogins",
        "inFolder": false,
        "metaFile": false,
        "suffix": "myDomainDiscoverableLogin",
        "xmlName": "MyDomainDiscoverableLogin",
        "childXmlNames": []
      },
      {
        "directoryName": "blacklistedConsumers",
        "inFolder": false,
        "metaFile": false,
        "suffix": "blacklistedConsumer",
        "xmlName": "BlacklistedConsumer",
        "childXmlNames": []
      },
      {
        "directoryName": "oauthcustomscopes",
        "inFolder": false,
        "metaFile": false,
        "suffix": "oauthcustomscope",
        "xmlName": "OauthCustomScope",
        "childXmlNames": []
      },
      {
        "directoryName": "userProvisioningConfigs",
        "inFolder": false,
        "metaFile": false,
        "suffix": "userProvisioningConfig",
        "xmlName": "UserProvisioningConfig",
        "childXmlNames": []
      },
      {
        "directoryName": "datacategorygroups",
        "inFolder": false,
        "metaFile": false,
        "suffix": "datacategorygroup",
        "xmlName": "DataCategoryGroup",
        "childXmlNames": []
      },
      {
        "directoryName": "remoteSiteSettings",
        "inFolder": false,
        "metaFile": false,
        "suffix": "remoteSite",
        "xmlName": "RemoteSiteSetting",
        "childXmlNames": []
      },
      {
        "directoryName": "cspTrustedSites",
        "inFolder": false,
        "metaFile": false,
        "suffix": "cspTrustedSite",
        "xmlName": "CspTrustedSite",
        "childXmlNames": []
      },
      {
        "directoryName": "redirectWhitelistUrls",
        "inFolder": false,
        "metaFile": false,
        "suffix": "redirectWhitelistUrl",
        "xmlName": "RedirectWhitelistUrl",
        "childXmlNames": []
      },
      {
        "childXmlNames": [
          "MatchingRule"
        ],
        "directoryName": "matchingRules",
        "inFolder": false,
        "metaFile": false,
        "suffix": "matchingRule",
        "xmlName": "MatchingRules"
      },
      {
        "directoryName": "productAttributeSets",
        "inFolder": false,
        "metaFile": false,
        "suffix": "productAttributeSet",
        "xmlName": "ProductAttributeSet",
        "childXmlNames": []
      },
      {
        "directoryName": "duplicateRules",
        "inFolder": false,
        "metaFile": false,
        "suffix": "duplicateRule",
        "xmlName": "DuplicateRule",
        "childXmlNames": []
      },
      {
        "directoryName": "cleanDataServices",
        "inFolder": false,
        "metaFile": false,
        "suffix": "cleanDataService",
        "xmlName": "CleanDataService",
        "childXmlNames": []
      },
      {
        "directoryName": "customindex",
        "inFolder": false,
        "metaFile": false,
        "suffix": "indx",
        "xmlName": "CustomIndex",
        "childXmlNames": []
      },
      {
        "directoryName": "skilltypes",
        "inFolder": false,
        "metaFile": false,
        "suffix": "skilltype",
        "xmlName": "SkillType",
        "childXmlNames": []
      },
      {
        "directoryName": "skills",
        "inFolder": false,
        "metaFile": false,
        "suffix": "skill",
        "xmlName": "Skill",
        "childXmlNames": []
      },
      {
        "directoryName": "serviceChannels",
        "inFolder": false,
        "metaFile": false,
        "suffix": "serviceChannel",
        "xmlName": "ServiceChannel",
        "childXmlNames": []
      },
      {
        "directoryName": "queueRoutingConfigs",
        "inFolder": false,
        "metaFile": false,
        "suffix": "queueRoutingConfig",
        "xmlName": "QueueRoutingConfig",
        "childXmlNames": []
      },
      {
        "directoryName": "servicePresenceStatuses",
        "inFolder": false,
        "metaFile": false,
        "suffix": "servicePresenceStatus",
        "xmlName": "ServicePresenceStatus",
        "childXmlNames": []
      },
      {
        "directoryName": "presenceDeclineReasons",
        "inFolder": false,
        "metaFile": false,
        "suffix": "presenceDeclineReason",
        "xmlName": "PresenceDeclineReason",
        "childXmlNames": []
      },
      {
        "directoryName": "presenceUserConfigs",
        "inFolder": false,
        "metaFile": false,
        "suffix": "presenceUserConfig",
        "xmlName": "PresenceUserConfig",
        "childXmlNames": []
      },
      {
        "directoryName": "workSkillRoutings",
        "inFolder": false,
        "metaFile": false,
        "suffix": "workSkillRouting",
        "xmlName": "WorkSkillRouting",
        "childXmlNames": []
      },
      {
        "directoryName": "authproviders",
        "inFolder": false,
        "metaFile": false,
        "suffix": "authprovider",
        "xmlName": "AuthProvider",
        "childXmlNames": []
      },
      {
        "directoryName": "waveTemplates",
        "inFolder": false,
        "metaFile": false,
        "xmlName": "WaveTemplateBundle",
        "childXmlNames": []
      },
      {
        "directoryName": "wave",
        "inFolder": false,
        "metaFile": false,
        "suffix": "wapp",
        "xmlName": "WaveApplication",
        "childXmlNames": []
      },
      {
        "directoryName": "wave",
        "inFolder": false,
        "metaFile": false,
        "suffix": "wds",
        "xmlName": "WaveDataset",
        "childXmlNames": []
      },
      {
        "directoryName": "eclair",
        "inFolder": false,
        "metaFile": true,
        "suffix": "geodata",
        "xmlName": "EclairGeoData",
        "childXmlNames": []
      },
      {
        "directoryName": "wave",
        "inFolder": false,
        "metaFile": true,
        "suffix": "wlens",
        "xmlName": "WaveLens",
        "childXmlNames": []
      },
      {
        "directoryName": "wave",
        "inFolder": false,
        "metaFile": true,
        "suffix": "wcomp",
        "xmlName": "WaveComponent",
        "childXmlNames": []
      },
      {
        "directoryName": "wave",
        "inFolder": false,
        "metaFile": true,
        "suffix": "wdash",
        "xmlName": "WaveDashboard",
        "childXmlNames": []
      },
      {
        "directoryName": "wave",
        "inFolder": false,
        "metaFile": false,
        "suffix": "xmd",
        "xmlName": "WaveXmd",
        "childXmlNames": []
      },
      {
        "directoryName": "wave",
        "inFolder": false,
        "metaFile": true,
        "suffix": "wdf",
        "xmlName": "WaveDataflow",
        "childXmlNames": []
      },
      {
        "directoryName": "wave",
        "inFolder": false,
        "metaFile": true,
        "suffix": "wdpr",
        "xmlName": "WaveRecipe",
        "childXmlNames": []
      },
      {
        "directoryName": "IPAddressRanges",
        "inFolder": false,
        "metaFile": false,
        "suffix": "IPAddressRange",
        "xmlName": "IPAddressRange",
        "childXmlNames": []
      },
      {
        "directoryName": "briefcaseDefinitions",
        "inFolder": false,
        "metaFile": false,
        "suffix": "briefcaseDefinition",
        "xmlName": "BriefcaseDefinition",
        "childXmlNames": []
      },
      {
        "directoryName": "channelLayouts",
        "inFolder": false,
        "metaFile": false,
        "suffix": "channelLayout",
        "xmlName": "ChannelLayout",
        "childXmlNames": []
      },
      {
        "directoryName": "sites",
        "inFolder": false,
        "metaFile": false,
        "suffix": "site",
        "xmlName": "CustomSite",
        "childXmlNames": []
      },
      {
        "directoryName": "forecastingTypes",
        "inFolder": false,
        "metaFile": false,
        "suffix": "forecastingType",
        "xmlName": "ForecastingType",
        "childXmlNames": []
      },
      {
        "directoryName": "forecastingSourceDefinitions",
        "inFolder": false,
        "metaFile": false,
        "suffix": "forecastingSourceDefinition",
        "xmlName": "ForecastingSourceDefinition",
        "childXmlNames": []
      },
      {
        "directoryName": "forecastingTypeSources",
        "inFolder": false,
        "metaFile": false,
        "suffix": "forecastingTypeSource",
        "xmlName": "ForecastingTypeSource",
        "childXmlNames": []
      },
      {
        "directoryName": "forecastingFilters",
        "inFolder": false,
        "metaFile": false,
        "suffix": "forecastingFilter",
        "xmlName": "ForecastingFilter",
        "childXmlNames": []
      },
      {
        "directoryName": "forecastingFilterConditions",
        "inFolder": false,
        "metaFile": false,
        "suffix": "forecastingFilterCondition",
        "xmlName": "ForecastingFilterCondition",
        "childXmlNames": []
      },
      {
        "directoryName": "recordAlertCategories",
        "inFolder": false,
        "metaFile": false,
        "suffix": "recordAlertCategory",
        "xmlName": "RecordAlertCategory",
        "childXmlNames": []
      },
      {
        "directoryName": "apexEmailNotifications",
        "inFolder": false,
        "metaFile": false,
        "suffix": "notifications",
        "xmlName": "ApexEmailNotifications",
        "childXmlNames": []
      },
      {
        "childXmlNames": [
          "SharingOwnerRule",
          "SharingCriteriaRule",
          "SharingGuestRule"
        ],
        "directoryName": "sharingRules",
        "inFolder": false,
        "metaFile": false,
        "suffix": "sharingRules",
        "xmlName": "SharingRules"
      },
      {
        "directoryName": "sharingSets",
        "inFolder": false,
        "metaFile": false,
        "suffix": "sharingSet",
        "xmlName": "SharingSet",
        "childXmlNames": []
      },
      {
        "directoryName": "iframeWhiteListUrlSettings",
        "inFolder": false,
        "metaFile": false,
        "suffix": "iframeWhiteListUrlSettings",
        "xmlName": "IframeWhiteListUrlSettings",
        "childXmlNames": []
      },
      {
        "directoryName": "communities",
        "inFolder": false,
        "metaFile": false,
        "suffix": "community",
        "xmlName": "Community",
        "childXmlNames": []
      },
      {
        "directoryName": "ChatterExtensions",
        "inFolder": false,
        "metaFile": false,
        "suffix": "ChatterExtension",
        "xmlName": "ChatterExtension",
        "childXmlNames": []
      },
      {
        "directoryName": "decisionTables",
        "inFolder": false,
        "metaFile": false,
        "suffix": "decisionTable",
        "xmlName": "DecisionTable",
        "childXmlNames": []
      },
      {
        "directoryName": "decisionTableDatasetLinks",
        "inFolder": false,
        "metaFile": false,
        "suffix": "decisionTableDatasetLink",
        "xmlName": "DecisionTableDatasetLink",
        "childXmlNames": []
      },
      {
        "directoryName": "aiApplications",
        "inFolder": false,
        "metaFile": false,
        "suffix": "ai",
        "xmlName": "AIApplication",
        "childXmlNames": []
      },
      {
        "directoryName": "aiApplicationConfigs",
        "inFolder": false,
        "metaFile": false,
        "suffix": "aiapplicationconfig",
        "xmlName": "AIApplicationConfig",
        "childXmlNames": []
      },
      {
        "directoryName": "mlPredictions",
        "inFolder": false,
        "metaFile": false,
        "suffix": "mlPrediction",
        "xmlName": "MLPredictionDefinition",
        "childXmlNames": []
      },
      {
        "directoryName": "mlRecommendations",
        "inFolder": false,
        "metaFile": false,
        "suffix": "mlRecommendation",
        "xmlName": "MLRecommendationDefinition",
        "childXmlNames": []
      },
      {
        "directoryName": "mlDataDefinitions",
        "inFolder": false,
        "metaFile": false,
        "suffix": "mlDataDefinition",
        "xmlName": "MLDataDefinition",
        "childXmlNames": []
      },
      {
        "directoryName": "batchProcessJobDefinitions",
        "inFolder": false,
        "metaFile": false,
        "suffix": "batchProcessJobDefinition",
        "xmlName": "BatchProcessJobDefinition",
        "childXmlNames": []
      },
      {
        "directoryName": "benefitActions",
        "inFolder": false,
        "metaFile": false,
        "suffix": "benefitAction",
        "xmlName": "BenefitAction",
        "childXmlNames": []
      },
      {
        "directoryName": "loyaltyProgramSetups",
        "inFolder": false,
        "metaFile": false,
        "suffix": "loyaltyProgramSetup",
        "xmlName": "LoyaltyProgramSetup",
        "childXmlNames": []
      },
      {
        "directoryName": "batchCalcJobDefinitions",
        "inFolder": false,
        "metaFile": false,
        "suffix": "batchCalcJobDefinition",
        "xmlName": "BatchCalcJobDefinition",
        "childXmlNames": []
      },
      {
        "directoryName": "ExplainabilityMsgTemplates",
        "inFolder": false,
        "metaFile": false,
        "suffix": "explainabilityMsgTemplate",
        "xmlName": "ExplainabilityMsgTemplate",
        "childXmlNames": []
      },
      {
        "directoryName": "expressionSetDefinition",
        "inFolder": false,
        "metaFile": false,
        "suffix": "expressionSetDefinition",
        "xmlName": "ExpressionSetDefinition",
        "childXmlNames": []
      },
      {
        "directoryName": "expressionSetVersion",
        "inFolder": false,
        "metaFile": false,
        "suffix": "expressionSetVersion",
        "xmlName": "ExpressionSetDefinitionVersion",
        "childXmlNames": []
      },
      {
        "directoryName": "decisionMatrixDefinition",
        "inFolder": false,
        "metaFile": false,
        "suffix": "decisionMatrixDefinition",
        "xmlName": "DecisionMatrixDefinition",
        "childXmlNames": []
      },
      {
        "directoryName": "decisionMatrixVersion",
        "inFolder": false,
        "metaFile": false,
        "suffix": "decisionMatrixVersion",
        "xmlName": "DecisionMatrixDefinitionVersion",
        "childXmlNames": []
      },
      {
        "directoryName": "expressionSetObjectAlias",
        "inFolder": false,
        "metaFile": false,
        "suffix": "expressionSetObjectAlias",
        "xmlName": "ExpressionSetObjectAlias",
        "childXmlNames": []
      },
      {
        "directoryName": "discovery",
        "inFolder": false,
        "metaFile": true,
        "suffix": "story",
        "xmlName": "DiscoveryStory",
        "childXmlNames": []
      },
      {
        "directoryName": "discovery",
        "inFolder": false,
        "metaFile": true,
        "suffix": "model",
        "xmlName": "DiscoveryAIModel",
        "childXmlNames": []
      },
      {
        "directoryName": "discovery",
        "inFolder": false,
        "metaFile": false,
        "suffix": "goal",
        "xmlName": "DiscoveryGoal",
        "childXmlNames": []
      },
      {
        "directoryName": "externalAIModels",
        "inFolder": false,
        "metaFile": false,
        "suffix": "externalAIModel",
        "xmlName": "ExternalAIModel",
        "childXmlNames": []
      },
      {
        "directoryName": "serviceAISetupDescriptions",
        "inFolder": false,
        "metaFile": false,
        "suffix": "serviceAISetupDescription",
        "xmlName": "ServiceAISetupDefinition",
        "childXmlNames": []
      },
      {
        "directoryName": "serviceAISetupFields",
        "inFolder": false,
        "metaFile": false,
        "suffix": "serviceAISetupField",
        "xmlName": "ServiceAISetupField",
        "childXmlNames": []
      },
      {
        "directoryName": "platformEventChannels",
        "inFolder": false,
        "metaFile": false,
        "suffix": "platformEventChannel",
        "xmlName": "PlatformEventChannel",
        "childXmlNames": []
      },
      {
        "directoryName": "platformEventChannelMembers",
        "inFolder": false,
        "metaFile": false,
        "suffix": "platformEventChannelMember",
        "xmlName": "PlatformEventChannelMember",
        "childXmlNames": []
      },
      {
        "directoryName": "eventRelays",
        "inFolder": false,
        "metaFile": false,
        "suffix": "eventRelay",
        "xmlName": "EventRelayConfig",
        "childXmlNames": []
      },
      {
        "directoryName": "integrationProviderDefinitions",
        "inFolder": false,
        "metaFile": false,
        "suffix": "integrationProviderDefinition",
        "xmlName": "IntegrationProviderDef",
        "childXmlNames": []
      },
      {
        "directoryName": "serviceprocess",
        "inFolder": false,
        "metaFile": false,
        "suffix": "serviceprocess",
        "xmlName": "ServiceProcess",
        "childXmlNames": []
      },
      {
        "directoryName": "callCenters",
        "inFolder": false,
        "metaFile": false,
        "suffix": "callCenter",
        "xmlName": "CallCenter",
        "childXmlNames": []
      },
      {
        "directoryName": "milestoneTypes",
        "inFolder": false,
        "metaFile": false,
        "suffix": "milestoneType",
        "xmlName": "MilestoneType",
        "childXmlNames": []
      },
      {
        "directoryName": "entitlementProcesses",
        "inFolder": false,
        "metaFile": false,
        "suffix": "entitlementProcess",
        "xmlName": "EntitlementProcess",
        "childXmlNames": []
      },
      {
        "directoryName": "entitlementTemplates",
        "inFolder": false,
        "metaFile": false,
        "suffix": "entitlementTemplate",
        "xmlName": "EntitlementTemplate",
        "childXmlNames": []
      },
      {
        "directoryName": "timeSheetTemplates",
        "inFolder": false,
        "metaFile": false,
        "suffix": "timeSheetTemplate",
        "xmlName": "TimeSheetTemplate",
        "childXmlNames": []
      },
      {
        "directoryName": "appointmentAssignmentPolicies",
        "inFolder": false,
        "metaFile": false,
        "suffix": "policy",
        "xmlName": "AppointmentAssignmentPolicy",
        "childXmlNames": []
      },
      {
        "directoryName": "appointmentSchedulingPolicies",
        "inFolder": false,
        "metaFile": false,
        "suffix": "policy",
        "xmlName": "AppointmentSchedulingPolicy",
        "childXmlNames": []
      },
      {
        "directoryName": "Canvases",
        "inFolder": false,
        "metaFile": false,
        "suffix": "Canvas",
        "xmlName": "CanvasMetadata",
        "childXmlNames": []
      },
      {
        "directoryName": "MobileApplicationDetails",
        "inFolder": false,
        "metaFile": false,
        "suffix": "MobileApplicationDetail",
        "xmlName": "MobileApplicationDetail",
        "childXmlNames": []
      },
      {
        "directoryName": "notificationtypes",
        "inFolder": false,
        "metaFile": false,
        "suffix": "notiftype",
        "xmlName": "CustomNotificationType",
        "childXmlNames": []
      },
      {
        "directoryName": "connectedApps",
        "inFolder": false,
        "metaFile": false,
        "suffix": "connectedApp",
        "xmlName": "ConnectedApp",
        "childXmlNames": []
      },
      {
        "directoryName": "appMenus",
        "inFolder": false,
        "metaFile": false,
        "suffix": "appMenu",
        "xmlName": "AppMenu",
        "childXmlNames": []
      },
      {
        "directoryName": "notificationTypeConfig",
        "inFolder": false,
        "metaFile": false,
        "suffix": "config",
        "xmlName": "NotificationTypeConfig",
        "childXmlNames": []
      },
      {
        "directoryName": "delegateGroups",
        "inFolder": false,
        "metaFile": false,
        "suffix": "delegateGroup",
        "xmlName": "DelegateGroup",
        "childXmlNames": []
      },
      {
        "directoryName": "brandingSets",
        "inFolder": false,
        "metaFile": false,
        "suffix": "brandingSet",
        "xmlName": "BrandingSet",
        "childXmlNames": []
      },
      {
        "directoryName": "communityThemeDefinitions",
        "inFolder": false,
        "metaFile": false,
        "suffix": "communityThemeDefinition",
        "xmlName": "CommunityThemeDefinition",
        "childXmlNames": []
      },
      {
        "directoryName": "communityTemplateDefinitions",
        "inFolder": false,
        "metaFile": false,
        "suffix": "communityTemplateDefinition",
        "xmlName": "CommunityTemplateDefinition",
        "childXmlNames": []
      },
      {
        "directoryName": "managedContentTypes",
        "inFolder": false,
        "metaFile": false,
        "suffix": "managedContentType",
        "xmlName": "ManagedContentType",
        "childXmlNames": []
      },
      {
        "directoryName": "experiencePropertyTypeBundles",
        "inFolder": false,
        "metaFile": false,
        "suffix": "experiencePropertyTypeBundle",
        "xmlName": "ExperiencePropertyTypeBundle",
        "childXmlNames": []
      },
      {
        "childXmlNames": [
          "DigitalExperience"
        ],
        "directoryName": "digitalExperiences",
        "inFolder": false,
        "metaFile": true,
        "suffix": "digitalExperience",
        "xmlName": "DigitalExperienceBundle"
      },
      {
        "directoryName": "siteDotComSites",
        "inFolder": false,
        "metaFile": true,
        "suffix": "site",
        "xmlName": "SiteDotCom",
        "childXmlNames": []
      },
      {
        "directoryName": "digitalExperienceConfigs",
        "inFolder": false,
        "metaFile": false,
        "suffix": "digitalExperienceConfig",
        "xmlName": "DigitalExperienceConfig",
        "childXmlNames": []
      },
      {
        "directoryName": "experiences",
        "inFolder": false,
        "metaFile": false,
        "xmlName": "ExperienceBundle",
        "childXmlNames": []
      },
      {
        "directoryName": "networks",
        "inFolder": false,
        "metaFile": false,
        "suffix": "network",
        "xmlName": "Network",
        "childXmlNames": []
      },
      {
        "directoryName": "networkBranding",
        "inFolder": false,
        "metaFile": true,
        "suffix": "networkBranding",
        "xmlName": "NetworkBranding",
        "childXmlNames": []
      },
      {
        "directoryName": "navigationMenus",
        "inFolder": false,
        "metaFile": false,
        "suffix": "navigationMenu",
        "xmlName": "NavigationMenu",
        "childXmlNames": []
      },
      {
        "directoryName": "audience",
        "inFolder": false,
        "metaFile": false,
        "suffix": "audience",
        "xmlName": "Audience",
        "childXmlNames": []
      },
      {
        "directoryName": "flowCategories",
        "inFolder": false,
        "metaFile": false,
        "suffix": "flowCategory",
        "xmlName": "FlowCategory",
        "childXmlNames": []
      },
      {
        "directoryName": "lightningBolts",
        "inFolder": false,
        "metaFile": false,
        "suffix": "lightningBolt",
        "xmlName": "LightningBolt",
        "childXmlNames": []
      },
      {
        "directoryName": "lightningExperienceThemes",
        "inFolder": false,
        "metaFile": false,
        "suffix": "lightningExperienceTheme",
        "xmlName": "LightningExperienceTheme",
        "childXmlNames": []
      },
      {
        "directoryName": "lightningOnboardingConfigs",
        "inFolder": false,
        "metaFile": false,
        "suffix": "lightningOnboardingConfig",
        "xmlName": "LightningOnboardingConfig",
        "childXmlNames": []
      },
      {
        "directoryName": "webStoreTemplates",
        "inFolder": false,
        "metaFile": false,
        "suffix": "webStoreTemplate",
        "xmlName": "WebStoreTemplate",
        "childXmlNames": []
      },
      {
        "directoryName": "customHelpMenuSections",
        "inFolder": false,
        "metaFile": false,
        "suffix": "customHelpMenuSection",
        "xmlName": "CustomHelpMenuSection",
        "childXmlNames": []
      },
      {
        "directoryName": "prompts",
        "inFolder": false,
        "metaFile": false,
        "suffix": "prompt",
        "xmlName": "Prompt",
        "childXmlNames": []
      },
      {
        "childXmlNames": [
          "ManagedTopic"
        ],
        "directoryName": "managedTopics",
        "inFolder": false,
        "metaFile": false,
        "suffix": "managedTopics",
        "xmlName": "ManagedTopics"
      },
      {
        "directoryName": "accountRelationshipShareRules",
        "inFolder": false,
        "metaFile": false,
        "suffix": "accountRelationshipShareRule",
        "xmlName": "AccountRelationshipShareRule",
        "childXmlNames": []
      },
      {
        "directoryName": "personAccountOwnerPowerUsers",
        "inFolder": false,
        "metaFile": false,
        "suffix": "personAccountOwnerPowerUser",
        "xmlName": "PersonAccountOwnerPowerUser",
        "childXmlNames": []
      },
      {
        "directoryName": "moderation",
        "inFolder": false,
        "metaFile": false,
        "suffix": "keywords",
        "xmlName": "KeywordList",
        "childXmlNames": []
      },
      {
        "directoryName": "userCriteria",
        "inFolder": false,
        "metaFile": false,
        "suffix": "userCriteria",
        "xmlName": "UserCriteria",
        "childXmlNames": []
      },
      {
        "directoryName": "moderation",
        "inFolder": false,
        "metaFile": false,
        "suffix": "rule",
        "xmlName": "ModerationRule",
        "childXmlNames": []
      },
      {
        "directoryName": "cmsConnectSource",
        "inFolder": false,
        "metaFile": false,
        "suffix": "cmsConnectSource",
        "xmlName": "CMSConnectSource",
        "childXmlNames": []
      },
      {
        "directoryName": "territory2Types",
        "inFolder": false,
        "metaFile": false,
        "suffix": "territory2Type",
        "xmlName": "Territory2Type",
        "childXmlNames": []
      },
      {
        "directoryName": "territory2Models",
        "inFolder": false,
        "metaFile": false,
        "suffix": "territory2Model",
        "xmlName": "Territory2Model",
        "childXmlNames": []
      },
      {
        "directoryName": "territory2Models",
        "inFolder": false,
        "metaFile": false,
        "suffix": "territory2Rule",
        "xmlName": "Territory2Rule",
        "childXmlNames": []
      },
      {
        "directoryName": "territory2Models",
        "inFolder": false,
        "metaFile": false,
        "suffix": "territory2",
        "xmlName": "Territory2",
        "childXmlNames": []
      },
      {
        "directoryName": "campaignInfluenceModels",
        "inFolder": false,
        "metaFile": false,
        "suffix": "campaignInfluenceModel",
        "xmlName": "CampaignInfluenceModel",
        "childXmlNames": []
      },
      {
        "directoryName": "samlssoconfigs",
        "inFolder": false,
        "metaFile": false,
        "suffix": "samlssoconfig",
        "xmlName": "SamlSsoConfig",
        "childXmlNames": []
      },
      {
        "directoryName": "corsWhitelistOrigins",
        "inFolder": false,
        "metaFile": false,
        "suffix": "corsWhitelistOrigin",
        "xmlName": "CorsWhitelistOrigin",
        "childXmlNames": []
      },
      {
        "directoryName": "actionLinkGroupTemplates",
        "inFolder": false,
        "metaFile": false,
        "suffix": "actionLinkGroupTemplate",
        "xmlName": "ActionLinkGroupTemplate",
        "childXmlNames": []
      },
      {
        "directoryName": "liveChatDeployments",
        "inFolder": false,
        "metaFile": false,
        "suffix": "liveChatDeployment",
        "xmlName": "LiveChatDeployment",
        "childXmlNames": []
      },
      {
        "directoryName": "liveChatButtons",
        "inFolder": false,
        "metaFile": false,
        "suffix": "liveChatButton",
        "xmlName": "LiveChatButton",
        "childXmlNames": []
      },
      {
        "directoryName": "liveChatAgentConfigs",
        "inFolder": false,
        "metaFile": false,
        "suffix": "liveChatAgentConfig",
        "xmlName": "LiveChatAgentConfig",
        "childXmlNames": []
      },
      {
        "directoryName": "synonymDictionaries",
        "inFolder": false,
        "metaFile": false,
        "suffix": "synonymDictionary",
        "xmlName": "SynonymDictionary",
        "childXmlNames": []
      },
      {
        "directoryName": "pathAssistants",
        "inFolder": false,
        "metaFile": false,
        "suffix": "pathAssistant",
        "xmlName": "PathAssistant",
        "childXmlNames": []
      },
      {
        "directoryName": "animationRules",
        "inFolder": false,
        "metaFile": false,
        "suffix": "animationRule",
        "xmlName": "AnimationRule",
        "childXmlNames": []
      },
      {
        "directoryName": "LeadConvertSettings",
        "inFolder": false,
        "metaFile": false,
        "suffix": "LeadConvertSetting",
        "xmlName": "LeadConvertSettings",
        "childXmlNames": []
      },
      {
        "directoryName": "liveChatSensitiveDataRule",
        "inFolder": false,
        "metaFile": false,
        "suffix": "liveChatSensitiveDataRule",
        "xmlName": "LiveChatSensitiveDataRule",
        "childXmlNames": []
      },
      {
        "directoryName": "cachePartitions",
        "inFolder": false,
        "metaFile": false,
        "suffix": "cachePartition",
        "xmlName": "PlatformCachePartition",
        "childXmlNames": []
      },
      {
        "directoryName": "topicsForObjects",
        "inFolder": false,
        "metaFile": false,
        "suffix": "topicsForObjects",
        "xmlName": "TopicsForObjects",
        "childXmlNames": []
      },
      {
        "directoryName": "restrictionRules",
        "inFolder": false,
        "metaFile": false,
        "suffix": "rule",
        "xmlName": "RestrictionRule",
        "childXmlNames": []
      },
      {
        "directoryName": "fieldRestrictionRules",
        "inFolder": false,
        "metaFile": false,
        "suffix": "rule",
        "xmlName": "FieldRestrictionRule",
        "childXmlNames": []
      },
      {
        "directoryName": "recommendationStrategies",
        "inFolder": false,
        "metaFile": false,
        "suffix": "recommendationStrategy",
        "xmlName": "RecommendationStrategy",
        "childXmlNames": []
      },
      {
        "directoryName": "entityImplements",
        "inFolder": false,
        "metaFile": false,
        "suffix": "entityImplements",
        "xmlName": "EntityImplements",
        "childXmlNames": []
      },
      {
        "directoryName": "emailservices",
        "inFolder": false,
        "metaFile": false,
        "suffix": "xml",
        "xmlName": "EmailServicesFunction",
        "childXmlNames": []
      },
      {
        "directoryName": "paymentGatewayProviders",
        "inFolder": false,
        "metaFile": false,
        "suffix": "paymentGatewayProvider",
        "xmlName": "PaymentGatewayProvider",
        "childXmlNames": []
      },
      {
        "directoryName": "gatewayProviderPaymentMethodTypes",
        "inFolder": false,
        "metaFile": false,
        "suffix": "gatewayProviderPaymentMethodType",
        "xmlName": "GatewayProviderPaymentMethodType",
        "childXmlNames": []
      },
      {
        "directoryName": "ActionLauncherItemDef",
        "inFolder": false,
        "metaFile": false,
        "suffix": "actionLauncherItemDef",
        "xmlName": "ActionLauncherItemDef",
        "childXmlNames": []
      },
      {
        "directoryName": "recordActionDeployments",
        "inFolder": false,
        "metaFile": false,
        "suffix": "deployment",
        "xmlName": "RecordActionDeployment",
        "childXmlNames": []
      },
      {
        "directoryName": "salesAgreementSettings",
        "inFolder": false,
        "metaFile": false,
        "suffix": "salesAgreementSetting",
        "xmlName": "SalesAgreementSettings",
        "childXmlNames": []
      },
      {
        "directoryName": "ObjectHierarchyRelationship",
        "inFolder": false,
        "metaFile": false,
        "suffix": "settings",
        "xmlName": "ObjectHierarchyRelationship",
        "childXmlNames": []
      },
      {
        "directoryName": "AdvAcctForecastPeriodGroup",
        "inFolder": false,
        "metaFile": false,
        "suffix": "advAcctForecastPeriodGroup",
        "xmlName": "AdvAcctForecastPeriodGroup",
        "childXmlNames": []
      },
      {
        "directoryName": "AdvAccountForecastSet",
        "inFolder": false,
        "metaFile": false,
        "suffix": "advAccountForecastSet",
        "xmlName": "AdvAccountForecastSet",
        "childXmlNames": []
      },
      {
        "directoryName": "AdvAcctForecastDimSource",
        "inFolder": false,
        "metaFile": false,
        "suffix": "advAcctForecastDimSource",
        "xmlName": "AdvAcctForecastDimSource",
        "childXmlNames": []
      },
      {
        "directoryName": "BusinessProcessTypeDefinitions",
        "inFolder": false,
        "metaFile": false,
        "suffix": "businessProcessTypeDefinition",
        "xmlName": "BusinessProcessTypeDefinition",
        "childXmlNames": []
      },
      {
        "directoryName": "ApplicationSubtypeDefinitions",
        "inFolder": false,
        "metaFile": false,
        "suffix": "applicationSubtypeDefinition",
        "xmlName": "ApplicationSubtypeDefinition",
        "childXmlNames": []
      },
      {
        "directoryName": "ExplainabilityActionDefinitions",
        "inFolder": false,
        "metaFile": false,
        "suffix": "explainabilityActionDefinition",
        "xmlName": "ExplainabilityActionDefinition",
        "childXmlNames": []
      },
      {
        "directoryName": "ExplainabilityActionVersions",
        "inFolder": false,
        "metaFile": false,
        "suffix": "explainabilityActionVersion",
        "xmlName": "ExplainabilityActionVersion",
        "childXmlNames": []
      },
      {
        "directoryName": "OmniInteractionConfig",
        "inFolder": false,
        "metaFile": false,
        "suffix": "omniInteractionConfig",
        "xmlName": "OmniInteractionConfig",
        "childXmlNames": []
      },
      {
        "directoryName": "OmniInteractionAccessConfig",
        "inFolder": false,
        "metaFile": false,
        "suffix": "omniInteractionAccessConfig",
        "xmlName": "OmniInteractionAccessConfig",
        "childXmlNames": []
      },
      {
        "directoryName": "omniScripts",
        "inFolder": false,
        "metaFile": false,
        "suffix": "os",
        "xmlName": "OmniScript",
        "childXmlNames": []
      },
      {
        "directoryName": "omniIntegrationProcedures",
        "inFolder": false,
        "metaFile": false,
        "suffix": "oip",
        "xmlName": "OmniIntegrationProcedure",
        "childXmlNames": []
      },
      {
        "directoryName": "omniUiCard",
        "inFolder": false,
        "metaFile": false,
        "suffix": "ouc",
        "xmlName": "OmniUiCard",
        "childXmlNames": []
      },
      {
        "directoryName": "omniDataTransforms",
        "inFolder": false,
        "metaFile": false,
        "suffix": "rpt",
        "xmlName": "OmniDataTransform",
        "childXmlNames": []
      },
      {
        "directoryName": "EmbeddedServiceConfig",
        "inFolder": false,
        "metaFile": false,
        "suffix": "EmbeddedServiceConfig",
        "xmlName": "EmbeddedServiceConfig",
        "childXmlNames": []
      },
      {
        "directoryName": "EmbeddedServiceLiveAgent",
        "inFolder": false,
        "metaFile": false,
        "suffix": "EmbeddedServiceLiveAgent",
        "xmlName": "EmbeddedServiceLiveAgent",
        "childXmlNames": []
      },
      {
        "directoryName": "EmbeddedServiceBranding",
        "inFolder": false,
        "metaFile": false,
        "suffix": "EmbeddedServiceBranding",
        "xmlName": "EmbeddedServiceBranding",
        "childXmlNames": []
      },
      {
        "directoryName": "EmbeddedServiceFlowConfig",
        "inFolder": false,
        "metaFile": false,
        "suffix": "EmbeddedServiceFlowConfig",
        "xmlName": "EmbeddedServiceFlowConfig",
        "childXmlNames": []
      },
      {
        "directoryName": "EmbeddedServiceMenuSettings",
        "inFolder": false,
        "metaFile": false,
        "suffix": "EmbeddedServiceMenuSettings",
        "xmlName": "EmbeddedServiceMenuSettings",
        "childXmlNames": []
      },
      {
        "directoryName": "callCoachingMediaProviders",
        "inFolder": false,
        "metaFile": false,
        "suffix": "callCoachingMediaProvider",
        "xmlName": "CallCoachingMediaProvider",
        "childXmlNames": []
      },
      {
        "directoryName": "actionPlanTemplates",
        "inFolder": false,
        "metaFile": false,
        "suffix": "apt",
        "xmlName": "ActionPlanTemplate",
        "childXmlNames": []
      },
      {
        "directoryName": "timelineObjectDefinitions",
        "inFolder": false,
        "metaFile": false,
        "suffix": "timelineObjectDefinition",
        "xmlName": "TimelineObjectDefinition",
        "childXmlNames": []
      },
      {
        "directoryName": "ConversationVendorInformation",
        "inFolder": false,
        "metaFile": false,
        "suffix": "ConversationVendorInformation",
        "xmlName": "ConversationVendorInfo",
        "childXmlNames": []
      },
      {
        "directoryName": "callCenterRoutingMaps",
        "inFolder": false,
        "metaFile": false,
        "suffix": "callCenterRoutingMap",
        "xmlName": "CallCenterRoutingMap",
        "childXmlNames": []
      },
      {
        "directoryName": "userProfileSearchScopes",
        "inFolder": false,
        "metaFile": false,
        "suffix": "userProfileSearchScope",
        "xmlName": "UserProfileSearchScope",
        "childXmlNames": []
      },
      {
        "directoryName": "stationaryAssetEnvSourceConfigs",
        "inFolder": false,
        "metaFile": false,
        "suffix": "stationaryAssetEnvSourceConfig",
        "xmlName": "StnryAssetEnvSrcCnfg",
        "childXmlNames": []
      },
      {
        "directoryName": "vehicleAssetEmssnSourceConfigs",
        "inFolder": false,
        "metaFile": false,
        "suffix": "vehicleAssetEmssnSourceConfig",
        "xmlName": "VehicleAssetEmssnSrcCnfg",
        "childXmlNames": []
      },
      {
        "directoryName": "buildingEnergyIntensityConfigs",
        "inFolder": false,
        "metaFile": false,
        "suffix": "buildingEnergyIntensityConfig",
        "xmlName": "BldgEnrgyIntensityCnfg",
        "childXmlNames": []
      },
      {
        "directoryName": "fuelTypes",
        "inFolder": false,
        "metaFile": false,
        "suffix": "fuelType",
        "xmlName": "FuelType",
        "childXmlNames": []
      },
      {
        "directoryName": "sustainabilityUoms",
        "inFolder": false,
        "metaFile": false,
        "suffix": "sustainabilityUom",
        "xmlName": "SustainabilityUom",
        "childXmlNames": []
      },
      {
        "directoryName": "fuelTypeSustnUoms",
        "inFolder": false,
        "metaFile": false,
        "suffix": "fuelTypeSustnUom",
        "xmlName": "FuelTypeSustnUom",
        "childXmlNames": []
      },
      {
        "directoryName": "sustnUomConversions",
        "inFolder": false,
        "metaFile": false,
        "suffix": "sustnUomConversion",
        "xmlName": "SustnUomConversion",
        "childXmlNames": []
      },
      {
        "directoryName": "relationshipGraphDefinitions",
        "inFolder": false,
        "metaFile": false,
        "suffix": "relationshipGraphDefinition",
        "xmlName": "RelationshipGraphDefinition",
        "childXmlNames": []
      },
      {
        "directoryName": "searchCustomizations",
        "inFolder": false,
        "metaFile": false,
        "suffix": "searchCustomization",
        "xmlName": "SearchCustomization",
        "childXmlNames": []
      },
      {
        "directoryName": "omniSupervisorConfigs",
        "inFolder": false,
        "metaFile": false,
        "suffix": "omniSupervisorConfig",
        "xmlName": "OmniSupervisorConfig",
        "childXmlNames": []
      },
      {
        "directoryName": "PlatformEventSubscriberConfigs",
        "inFolder": false,
        "metaFile": false,
        "suffix": "platformEventSubscriberConfig",
        "xmlName": "PlatformEventSubscriberConfig",
        "childXmlNames": []
      },
      {
        "directoryName": "SchedulingObjectives",
        "inFolder": false,
        "metaFile": false,
        "suffix": "schedulingObjective",
        "xmlName": "SchedulingObjective",
        "childXmlNames": []
      },
      {
        "directoryName": "pipelineInspMetricConfigs",
        "inFolder": false,
        "metaFile": false,
        "suffix": "pipelineInspMetricConfig",
        "xmlName": "PipelineInspMetricConfig",
        "childXmlNames": []
      },
      {
        "directoryName": "mobileSecurityAssignments",
        "inFolder": false,
        "metaFile": false,
        "suffix": "mobileSecurityAssignment",
        "xmlName": "MobileSecurityAssignment",
        "childXmlNames": []
      },
      {
        "directoryName": "mobileSecurityPolicies",
        "inFolder": false,
        "metaFile": false,
        "suffix": "mobileSecurityPolicy",
        "xmlName": "MobileSecurityPolicy",
        "childXmlNames": []
      },
      {
        "directoryName": "recordAlertDataSources",
        "inFolder": false,
        "metaFile": false,
        "suffix": "recordAlertDataSource",
        "xmlName": "RecordAlertDataSource",
        "childXmlNames": []
      },
      {
        "directoryName": "recAlrtDataSrcExpSetDefs",
        "inFolder": false,
        "metaFile": false,
        "suffix": "recAlrtDataSrcExpSetDef",
        "xmlName": "RecAlrtDataSrcExpSetDef",
        "childXmlNames": []
      },
      {
        "directoryName": "registeredExternalServices",
        "inFolder": false,
        "metaFile": false,
        "suffix": "registeredExternalService",
        "xmlName": "RegisteredExternalService",
        "childXmlNames": []
      },
      {
        "directoryName": "recordAlertTemplates",
        "inFolder": false,
        "metaFile": false,
        "suffix": "recordAlertTemplate",
        "xmlName": "RecordAlertTemplate",
        "childXmlNames": []
      },
      {
        "directoryName": "mobSecurityCertPinConfigs",
        "inFolder": false,
        "metaFile": false,
        "suffix": "mobSecurityCertPinConfig",
        "xmlName": "MobSecurityCertPinConfig",
        "childXmlNames": []
      },
      {
        "directoryName": "SchedulingRules",
        "inFolder": false,
        "metaFile": false,
        "suffix": "schedulingRule",
        "xmlName": "SchedulingRule",
        "childXmlNames": []
      },
      {
        "directoryName": "portalDelegablePermissionSet",
        "inFolder": false,
        "metaFile": false,
        "suffix": "portalDelegablePermissionSet",
        "xmlName": "PortalDelegablePermissionSet",
        "childXmlNames": []
      },
      {
        "directoryName": "settings",
        "inFolder": false,
        "metaFile": false,
        "suffix": "settings",
        "xmlName": "Settings",
        "childXmlNames": []
      }
    ],
    "organizationNamespace": "",
    "partialSaveAllowed": true,
    "testRequired": false
  },
  "warnings": [
    "The \"force mdapi describemetadata\" command has been deprecated. Use \"org list metadata-types\" instead.",
    "The loglevel flag is no longer in use on this command. You may use it without error, but it will be ignored.\nSet the log level using the `SFDX_LOG_LEVEL` environment variable."
  ]
}
