{
  "status": 0,
  "result": [
    {
      "createdById": "005Hn00000JKgf4IAD",
      "createdByName": "Hemanth Tanguturi",
      "createdDate": "2025-04-10T12:39:49.000Z",
      "fileName": "siteDotComSites/OldPartner11.site",
      "fullName": "OldPartner11",
      "id": "0DMHn000000E5VGOA0",
      "lastModifiedById": "005Hn00000JKgf4IAD",
      "lastModifiedByName": "Hemanth Tanguturi",
      "lastModifiedDate": "2025-04-10T12:39:49.000Z",
      "type": "SiteDotCom"
    },
    {
      "createdById": "005Hn00000JKgf4IAD",
      "createdByName": "Hemanth Tanguturi",
      "createdDate": "2025-04-10T12:39:49.000Z",
      "fileName": "siteDotComSites/OldProf21.site",
      "fullName": "OldProf21",
      "id": "0DMHn000000E5VFOA0",
      "lastModifiedById": "005Hn00000JKgf4IAD",
      "lastModifiedByName": "Hemanth Tanguturi",
      "lastModifiedDate": "2025-04-10T12:39:49.000Z",
      "type": "SiteDotCom"
    },
    {
      "createdById": "005Hn00000JKgf4IAD",
      "createdByName": "Hemanth Tanguturi",
      "createdDate": "2025-04-10T12:39:49.000Z",
      "fileName": "siteDotComSites/SDO_Partner_Central1.site",
      "fullName": "SDO_Partner_Central1",
      "id": "0DMHn000000E5VCOA0",
      "lastModifiedById": "005Hn00000JKgf4IAD",
      "lastModifiedByName": "Hemanth Tanguturi",
      "lastModifiedDate": "2025-04-10T12:39:49.000Z",
      "type": "SiteDotCom"
    },
    {
      "createdById": "005Hn00000JKgf4IAD",
      "createdByName": "Hemanth Tanguturi",
      "createdDate": "2025-04-10T12:39:49.000Z",
      "fileName": "siteDotComSites/Do_Not_Use_SDO_Commerce_for_B2B2C1.site",
      "fullName": "Do_Not_Use_SDO_Commerce_for_B2B2C1",
      "id": "0DMHn000000E5VJOA0",
      "lastModifiedById": "005Hn00000JKgf4IAD",
      "lastModifiedByName": "Hemanth Tanguturi",
      "lastModifiedDate": "2025-04-10T12:39:49.000Z",
      "type": "SiteDotCom"
    },
    {
      "createdById": "005Hn00000JKgf4IAD",
      "createdByName": "Hemanth Tanguturi",
      "createdDate": "2025-04-10T12:39:49.000Z",
      "fileName": "siteDotComSites/old_prof1.site",
      "fullName": "old_prof1",
      "id": "0DMHn000000E5VKOA0",
      "lastModifiedById": "005Hn00000JKgf4IAD",
      "lastModifiedByName": "Hemanth Tanguturi",
      "lastModifiedDate": "2025-04-10T12:39:49.000Z",
      "type": "SiteDotCom"
    },
    {
      "createdById": "005Hn00000JKgf4IAD",
      "createdByName": "Hemanth Tanguturi",
      "createdDate": "2025-04-10T12:39:49.000Z",
      "fileName": "siteDotComSites/Do_Not_Use_SDO_B2B_Commerce1.site",
      "fullName": "Do_Not_Use_SDO_B2B_Commerce1",
      "id": "0DMHn000000E5VIOA0",
      "lastModifiedById": "005Hn00000JKgf4IAD",
      "lastModifiedByName": "Hemanth Tanguturi",
      "lastModifiedDate": "2025-04-10T12:39:49.000Z",
      "type": "SiteDotCom"
    },
    {
      "createdById": "005Hn00000JKgf4IAD",
      "createdByName": "Hemanth Tanguturi",
      "createdDate": "2025-04-10T12:39:49.000Z",
      "fileName": "siteDotComSites/OldProf31.site",
      "fullName": "OldProf31",
      "id": "0DMHn000000E5VHOA0",
      "lastModifiedById": "005Hn00000JKgf4IAD",
      "lastModifiedByName": "Hemanth Tanguturi",
      "lastModifiedDate": "2025-04-10T12:39:49.000Z",
      "type": "SiteDotCom"
    },
    {
      "createdById": "005Hn00000JKgf4IAD",
      "createdByName": "Hemanth Tanguturi",
      "createdDate": "2025-04-10T14:22:59.000Z",
      "fileName": "siteDotComSites/ESW_SDO_Messaging_for_Web_17442949738021.site",
      "fullName": "ESW_SDO_Messaging_for_Web_17442949738021",
      "id": "0DMHn000000bslgOAA",
      "lastModifiedById": "005Hn00000JKgf4IAD",
      "lastModifiedByName": "Hemanth Tanguturi",
      "lastModifiedDate": "2025-04-10T14:23:36.000Z",
      "type": "SiteDotCom"
    },
    {
      "createdById": "005Hn00000JKgf4IAD",
      "createdByName": "Hemanth Tanguturi",
      "createdDate": "2025-04-10T12:39:49.000Z",
      "fileName": "siteDotComSites/SDO_Professional1.site",
      "fullName": "SDO_Professional1",
      "id": "0DMHn000000E5VEOA0",
      "lastModifiedById": "005Hn00000JKgf4IAD",
      "lastModifiedByName": "Hemanth Tanguturi",
      "lastModifiedDate": "2025-04-10T12:39:49.000Z",
      "type": "SiteDotCom"
    },
    {
      "createdById": "005Hn00000JKgf4IAD",
      "createdByName": "Hemanth Tanguturi",
      "createdDate": "2025-04-10T12:39:49.000Z",
      "fileName": "siteDotComSites/sfpwebhook1.site",
      "fullName": "sfpwebhook1",
      "id": "0DMHn000000E5VBOA0",
      "lastModifiedById": "005Hn00000JKgf4IAD",
      "lastModifiedByName": "Hemanth Tanguturi",
      "lastModifiedDate": "2025-04-10T12:39:49.000Z",
      "type": "SiteDotCom"
    },
    {
      "createdById": "005Hn00000JKgf4IAD",
      "createdByName": "Hemanth Tanguturi",
      "createdDate": "2025-04-10T12:39:49.000Z",
      "fileName": "siteDotComSites/SDO_D2C_Commerce_Enhanced1.site",
      "fullName": "SDO_D2C_Commerce_Enhanced1",
      "id": "0DMHn000000E5V9OAK",
      "lastModifiedById": "005Hn00000JKgf4IAD",
      "lastModifiedByName": "Hemanth Tanguturi",
      "lastModifiedDate": "2025-04-10T12:39:49.000Z",
      "type": "SiteDotCom"
    },
    {
      "createdById": "005Hn00000JKgf4IAD",
      "createdByName": "Hemanth Tanguturi",
      "createdDate": "2025-04-10T12:39:49.000Z",
      "fileName": "siteDotComSites/SDO_B2B_Commerce_Enhanced1.site",
      "fullName": "SDO_B2B_Commerce_Enhanced1",
      "id": "0DMHn000000E5V8OAK",
      "lastModifiedById": "005Hn00000JKgf4IAD",
      "lastModifiedByName": "Hemanth Tanguturi",
      "lastModifiedDate": "2025-04-10T12:39:49.000Z",
      "type": "SiteDotCom"
    },
    {
      "createdById": "005Hn00000JKgf4IAD",
      "createdByName": "Hemanth Tanguturi",
      "createdDate": "2025-04-10T12:39:49.000Z",
      "fileName": "siteDotComSites/SDO_Consumer1.site",
      "fullName": "SDO_Consumer1",
      "id": "0DMHn000000E5VDOA0",
      "lastModifiedById": "005Hn00000JKgf4IAD",
      "lastModifiedByName": "Hemanth Tanguturi",
      "lastModifiedDate": "2025-04-10T12:39:49.000Z",
      "type": "SiteDotCom"
    }
  ]
}